77,"United Kingdom",1902,"Type I: Defense Pact - 1921","Europe",0 
77,"Japan",1902,"Type I: Defense Pact - 1921","Asia",0 
78,"France",1902,"Type IIa: Non-Aggression Pact - 1918","Europe",0 
78,"Italy",1902,"Type IIa: Non-Aggression Pact - 1918","Europe",0 
79,"Yugoslavia",1904,"Type I: Defense Pact - 1909","Europe",0 
79,"Bulgaria",1904,"Type I: Defense Pact - 1909","Europe",0 
80,"France",1904,"Type III: Entente - 1907","Europe",0 
80,"Spain",1904,"Type III: Entente - 1907","Europe",0 
81,"Austria-Hungary",1904,"Type IIa: Non-Aggression Pact - 1908","undefined",0 
81,"Russia",1904,"Type IIa: Non-Aggression Pact - 1908","Europe",0 
82,"Germany",1905,"Type I: Defense Pact - 1905","Europe",0 
82,"Russia",1905,"Type I: Defense Pact - 1905","Europe",0 
83,"United Kingdom",1907,"Type III: Entente - 1915","Europe",0 
83,"France",1907,"Type III: Entente - 1915","Europe",0 
83,"Spain",1907,"Type III: Entente - 1915","Europe",0 
84,"Guatemala",1907,"Type IIa: Non-Aggression Pact - 1918","North America",0 
84,"Honduras",1907,"Type IIa: Non-Aggression Pact - 1918","North America",0 
84,"El Salvador",1907,"Type IIa: Non-Aggression Pact - 1918","North America",0 
84,"Nicaragua",1907,"Type IIa: Non-Aggression Pact - 1918","North America",0 
84,"Costa Rica",1907,"Type IIa: Non-Aggression Pact - 1918","North America",0 
85,"United States of America",1908,"Type III: Entente - 1910","North America",0 
85,"Japan",1908,"Type III: Entente - 1910","Asia",0 
86,"Italy",1909,"Type III: Entente - 1917","Europe",0 
86,"Russia",1909,"Type III: Entente - 1917","Europe",0 
87,"Russia",1910,"Type III: Entente - 1916","Europe",0 
87,"Japan",1910,"Type III: Entente - 1916","Asia",0 
88,"Ecuador",1911,"Type IIa: Non-Aggression Pact - ","South America",0 
88,"Bolivia",1911,"Type IIa: Non-Aggression Pact - ","South America",0 
89,"Yugoslavia",1912,"Type I: Defense Pact - 1913","Europe",0 
89,"Bulgaria",1912,"Type I: Defense Pact - 1913","Europe",0 
90,"Greece",1912,"Type I: Defense Pact - 1913","Europe",0 
90,"Bulgaria",1912,"Type I: Defense Pact - 1913","Europe",0 
91,"United Kingdom",1912,"Type III: Entente - 1918","Europe",0 
91,"France",1912,"Type III: Entente - 1918","Europe",0 
92,"Yugoslavia",1913,"Type I: Defense Pact - 1918","Europe",0 
92,"Greece",1913,"Type I: Defense Pact - 1918","Europe",0 
93,"Germany",1914,"Type I: Defense Pact - 1918","Europe",0 
93,"Turkey",1914,"Type I: Defense Pact - 1918","Asia",0 
94,"Bulgaria",1914,"Type I: Defense Pact - 1918","Europe",0 
94,"Turkey",1914,"Type I: Defense Pact - 1918","Asia",0 
95,"Austria-Hungary",1914,"Type I: Defense Pact - 1918","undefined",0 
95,"Bulgaria",1914,"Type I: Defense Pact - 1918","Europe",0 
96,"Germany",1914,"Type I: Defense Pact - 1918","Europe",0 
96,"Bulgaria",1914,"Type I: Defense Pact - 1918","Europe",0 
97,"Romania",1914,"Type I: Defense Pact - 1916","Europe",0 
97,"Russia",1914,"Type I: Defense Pact - 1916","Europe",0 
98,"United Kingdom",1915,"Type I: Defense Pact - 1918","Europe",0 
98,"France",1915,"Type I: Defense Pact - 1918","Europe",0 
98,"Italy",1915,"Type I: Defense Pact - 1918","Europe",0 
98,"Russia",1915,"Type I: Defense Pact - 1918","Europe",0 
99,"Germany",1915,"Type I: Defense Pact - 1918","Europe",0 
99,"Austria-Hungary",1915,"Type I: Defense Pact - 1918","undefined",0 
99,"Bulgaria",1915,"Type I: Defense Pact - 1918","Europe",0 
100,"Russia",1916,"Type I: Defense Pact - 1917","Europe",0 
100,"Japan",1916,"Type I: Defense Pact - 1917","Asia",0 
101,"United Kingdom",1916,"Type I: Defense Pact - 1918","Europe",0 
101,"France",1916,"Type I: Defense Pact - 1918","Europe",0 
101,"Italy",1916,"Type I: Defense Pact - 1918","Europe",0 
101,"Romania",1916,"Type I: Defense Pact - 1918","Europe",0 
101,"Russia",1916,"Type I: Defense Pact - 1918","Europe",0 
102,"Czechoslovakia",1920,"Type I: Defense Pact - 1930","Europe",0 
102,"Yugoslavia",1920,"Type I: Defense Pact - 1930","Europe",0 
103,"Belgium",1920,"Type I: Defense Pact - 1936","Europe",0 
103,"France",1920,"Type I: Defense Pact - 1936","Europe",0 
104,"France",1921,"Type I: Defense Pact - 1939","Europe",0 
104,"Poland",1921,"Type I: Defense Pact - 1939","Europe",0 
105,"Russia",1921,"Type I: Defense Pact - 1941","Europe",0 
105,"Iran",1921,"Type I: Defense Pact - 1941","Asia",0 
106,"Turkey",1921,"Type I: Defense Pact - 1928","Asia",0 
106,"Afghanistan",1921,"Type I: Defense Pact - 1928","Asia",0 
107,"Poland",1921,"Type I: Defense Pact - 1939","Europe",0 
107,"Romania",1921,"Type I: Defense Pact - 1939","Europe",0 
108,"Czechoslovakia",1921,"Type I: Defense Pact - 1939","Europe",0 
108,"Romania",1921,"Type I: Defense Pact - 1939","Europe",0 
109,"Yugoslavia",1921,"Type I: Defense Pact - 1940","Europe",0 
109,"Romania",1921,"Type I: Defense Pact - 1940","Europe",0 
110,"Iran",1921,"Type IIa: Non-Aggression Pact - 1937","Asia",0 
110,"Afghanistan",1921,"Type IIa: Non-Aggression Pact - 1937","Asia",0 
111,"United States of America",1921,"Type III: Entente - 1931","North America",0 
111,"United Kingdom",1921,"Type III: Entente - 1931","Europe",0 
111,"France",1921,"Type III: Entente - 1931","Europe",0 
111,"Japan",1921,"Type III: Entente - 1931","Asia",0 
112,"Austria",1921,"Type IIa: Non-Aggression Pact - 1927","Europe",0 
112,"Czechoslovakia",1921,"Type IIa: Non-Aggression Pact - 1927","Europe",0 
113,"Guatemala",1923,"Type IIb: Non-Aggression Pact - 1932","North America",0 
113,"Honduras",1923,"Type IIb: Non-Aggression Pact - 1932","North America",0 
113,"El Salvador",1923,"Type IIb: Non-Aggression Pact - 1932","North America",0 
113,"Nicaragua",1923,"Type IIb: Non-Aggression Pact - 1932","North America",0 
113,"Costa Rica",1923,"Type IIb: Non-Aggression Pact - 1932","North America",0 
114,"Estonia",1923,"Type I: Defense Pact - 1940","Europe",0 
114,"Latvia",1923,"Type I: Defense Pact - 1940","Europe",0 
115,"France",1924,"Type III: Entente - 1938","Europe",0 
115,"Czechoslovakia",1924,"Type III: Entente - 1938","Europe",0 
116,"Italy",1924,"Type IIa: Non-Aggression Pact - 1929","Europe",0 
116,"Yugoslavia",1924,"Type IIa: Non-Aggression Pact - 1929","Europe",0 
117,"Czechoslovakia",1924,"Type III: Entente - 1929","Europe",0 
117,"Italy",1924,"Type III: Entente - 1929","Europe",0 
118,"United Kingdom",1925,"Type I: Defense Pact - 1936","Europe",0 
118,"Belgium",1925,"Type I: Defense Pact - 1936","Europe",0 
118,"France",1925,"Type I: Defense Pact - 1936","Europe",0 
118,"Germany",1925,"Type I: Defense Pact - 1936","Europe",0 
118,"Italy",1925,"Type I: Defense Pact - 1936","Europe",0 
119,"France",1925,"Type I: Defense Pact - 1939","Europe",0 
119,"Poland",1925,"Type I: Defense Pact - 1939","Europe",0 
120,"France",1925,"Type I: Defense Pact - 1938","Europe",0 
120,"Czechoslovakia",1925,"Type I: Defense Pact - 1938","Europe",0 
121,"Russia",1925,"Type IIa: Non-Aggression Pact - 1939","Europe",0 
121,"Turkey",1925,"Type IIa: Non-Aggression Pact - 1939","Asia",0 
122,"Iran",1926,"Type IIa: Non-Aggression Pact - 1937","Asia",0 
122,"Turkey",1926,"Type IIa: Non-Aggression Pact - 1937","Asia",0 
123,"Germany",1926,"Type IIa: Non-Aggression Pact - 1933","Europe",0 
123,"Russia",1926,"Type IIa: Non-Aggression Pact - 1933","Europe",0 
124,"France",1926,"Type IIa: Non-Aggression Pact - 1940","Europe",0 
124,"Romania",1926,"Type IIa: Non-Aggression Pact - 1940","Europe",0 
125,"Spain",1926,"Type IIa: Non-Aggression Pact - 1936","Europe",0 
125,"Italy",1926,"Type IIa: Non-Aggression Pact - 1936","Europe",0 
126,"Russia",1926,"Type IIa: Non-Aggression Pact - 1979","Europe",0 
126,"Afghanistan",1926,"Type IIa: Non-Aggression Pact - 1979","Asia",0 
127,"Italy",1926,"Type III: Entente - 1932","Europe",0 
127,"Romania",1926,"Type III: Entente - 1932","Europe",0 
128,"Poland",1926,"Type III: Entente - 1939","Europe",0 
128,"Yugoslavia",1926,"Type III: Entente - 1939","Europe",0 
129,"Russia",1926,"Type IIb: Non-Aggression Pact - 1939","Europe",0 
129,"Lithuania",1926,"Type IIb: Non-Aggression Pact - 1939","Europe",0 
130,"Italy",1926,"Type III: Entente - 1927","Europe",0 
130,"Albania",1926,"Type III: Entente - 1927","Europe",0 
131,"Russia",1927,"Type IIa: Non-Aggression Pact - 1941","Europe",0 
131,"Iran",1927,"Type IIa: Non-Aggression Pact - 1941","Asia",0 
132,"France",1927,"Type IIb: Non-Aggression Pact - 1940","Europe",0 
132,"Yugoslavia",1927,"Type IIb: Non-Aggression Pact - 1940","Europe",0 
133,"Italy",1927,"Type I: Defense Pact - 1939","Europe",0 
133,"Albania",1927,"Type I: Defense Pact - 1939","Europe",0 
134,"Greece",1928,"Type IIb: Non-Aggression Pact - 1934","Europe",0 
134,"Romania",1928,"Type IIb: Non-Aggression Pact - 1934","Europe",0 
135,"Turkey",1928,"Type IIb: Non-Aggression Pact - 1948","Asia",0 
135,"Afghanistan",1928,"Type IIb: Non-Aggression Pact - 1948","Asia",0 
136,"Italy",1928,"Type IIa: Non-Aggression Pact - 1935","Europe",0 
136,"Turkey",1928,"Type IIa: Non-Aggression Pact - 1935","Asia",0 
137,"Italy",1928,"Type IIb: Non-Aggression Pact - 1935","Europe",0 
137,"Ethiopia",1928,"Type IIb: Non-Aggression Pact - 1935","Africa",0 
138,"Italy",1928,"Type IIa: Non-Aggression Pact - 1935","Europe",0 
138,"Greece",1928,"Type IIa: Non-Aggression Pact - 1935","Europe",0 
139,"Hungary",1929,"Type IIa: Non-Aggression Pact - 1945","Europe",0 
139,"Turkey",1929,"Type IIa: Non-Aggression Pact - 1945","Asia",0 
140,"Bulgaria",1929,"Type IIa: Non-Aggression Pact - 1939","Europe",0 
140,"Turkey",1929,"Type IIa: Non-Aggression Pact - 1939","Asia",0 
141,"Yugoslavia",1929,"Type IIa: Non-Aggression Pact - 1941","Europe",0 
141,"Greece",1929,"Type IIa: Non-Aggression Pact - 1941","Europe",0 
142,"France",1930,"Type IIa: Non-Aggression Pact - 1940","Europe",0 
142,"Turkey",1930,"Type IIa: Non-Aggression Pact - 1940","Asia",0 
143,"United Kingdom",1930,"Type I: Defense Pact - 1955","Europe",0 
143,"Iraq",1930,"Type I: Defense Pact - 1955","Asia",0 
144,"Greece",1930,"Type IIa: Non-Aggression Pact - 1941","Europe",0 
144,"Turkey",1930,"Type IIa: Non-Aggression Pact - 1941","Asia",0 
145,"Russia",1932,"Type IIa: Non-Aggression Pact - 1939","Europe",0 
145,"Finland",1932,"Type IIa: Non-Aggression Pact - 1939","Europe",0 
146,"Russia",1932,"Type IIb: Non-Aggression Pact - 1939","Europe",0 
146,"Latvia",1932,"Type IIb: Non-Aggression Pact - 1939","Europe",0 
147,"Russia",1932,"Type IIb: Non-Aggression Pact - 1939","Europe",0 
147,"Estonia",1932,"Type IIb: Non-Aggression Pact - 1939","Europe",0 
148,"Poland",1932,"Type IIa: Non-Aggression Pact - 1939","Europe",0 
148,"Russia",1932,"Type IIa: Non-Aggression Pact - 1939","Europe",0 
149,"France",1932,"Type IIa: Non-Aggression Pact - 1935","Europe",0 
149,"Russia",1932,"Type IIa: Non-Aggression Pact - 1935","Europe",0 
150,"Italy",1933,"Type IIa: Non-Aggression Pact - 1941","Europe",0 
150,"Russia",1933,"Type IIa: Non-Aggression Pact - 1941","Europe",0 
151,"Romania",1933,"Type IIa: Non-Aggression Pact - 1944","Europe",0 
151,"Turkey",1933,"Type IIa: Non-Aggression Pact - 1944","Asia",0 
152,"Yugoslavia",1933,"Type IIb: Non-Aggression Pact - 1941","Europe",0 
152,"Turkey",1933,"Type IIb: Non-Aggression Pact - 1941","Asia",0 
153,"Germany",1934,"Type IIb: Non-Aggression Pact - 1939","Europe",0 
153,"Poland",1934,"Type IIb: Non-Aggression Pact - 1939","Europe",0 
154,"Yugoslavia",1934,"Type I: Defense Pact - 1940","Europe",0 
154,"Greece",1934,"Type I: Defense Pact - 1940","Europe",0 
154,"Romania",1934,"Type I: Defense Pact - 1940","Europe",0 
154,"Turkey",1934,"Type I: Defense Pact - 1940","Asia",0 
155,"Austria",1934,"Type III: Entente - 1938","Europe",0 
155,"Hungary",1934,"Type III: Entente - 1938","Europe",0 
155,"Italy",1934,"Type III: Entente - 1938","Europe",0 
156,"Saudi Arabia",1934,"Type IIb: Non-Aggression Pact - 1962","Asia",0 
156,"Yemen Arab Republic",1934,"Type IIb: Non-Aggression Pact - 1962","Asia",0 
157,"Estonia",1934,"Type III: Entente - 1940","Europe",0 
157,"Latvia",1934,"Type III: Entente - 1940","Europe",0 
157,"Lithuania",1934,"Type III: Entente - 1940","Europe",0 
158,"France",1935,"Type III: Entente - 1935","Europe",0 
158,"Italy",1935,"Type III: Entente - 1935","Europe",0 
159,"France",1935,"Type I: Defense Pact - 1939","Europe",0 
159,"Russia",1935,"Type I: Defense Pact - 1939","Europe",0 
160,"Czechoslovakia",1935,"Type I: Defense Pact - 1989","Europe",0 
160,"Czechoslovakia",1935,"Type I: Defense Pact - 1989","Europe",0 
160,"Russia",1935,"Type I: Defense Pact - 1989","Europe",0 
160,"Russia",1935,"Type I: Defense Pact - 1989","Europe",0 
161,"Russia",1936,"Type I: Defense Pact - 1991","Europe",0 
161,"Mongolia",1936,"Type I: Defense Pact - 1991","Asia",0 
162,"Iraq",1936,"Type III: Entente - 1956","Asia",0 
162,"Saudi Arabia",1936,"Type III: Entente - 1956","Asia",0 
162,"Yemen Arab Republic",1936,"Type III: Entente - 1956","Asia",0 
163,"United Kingdom",1936,"Type I: Defense Pact - 1951","Europe",0 
163,"Egypt",1936,"Type I: Defense Pact - 1951","Africa",0 
164,"Spain",1936,"Type IIa: Non-Aggression Pact - 1939","Europe",0 
164,"Germany",1936,"Type IIa: Non-Aggression Pact - 1939","Europe",0 
164,"Hungary",1936,"Type IIa: Non-Aggression Pact - 1939","Europe",0 
164,"Italy",1936,"Type IIa: Non-Aggression Pact - 1939","Europe",0 
164,"Japan",1936,"Type IIa: Non-Aggression Pact - 1939","Asia",0 
165,"United States of America",1936,"Type III: Entente - 1945","North America",0 
165,"Cuba",1936,"Type III: Entente - 1945","North America",0 
165,"Haiti",1936,"Type III: Entente - 1945","North America",0 
165,"Dominican Republic",1936,"Type III: Entente - 1945","North America",0 
165,"Mexico",1936,"Type III: Entente - 1945","North America",0 
165,"Guatemala",1936,"Type III: Entente - 1945","North America",0 
165,"Honduras",1936,"Type III: Entente - 1945","North America",0 
165,"El Salvador",1936,"Type III: Entente - 1945","North America",0 
165,"Nicaragua",1936,"Type III: Entente - 1945","North America",0 
165,"Costa Rica",1936,"Type III: Entente - 1945","North America",0 
165,"Panama",1936,"Type III: Entente - 1945","North America",0 
165,"Colombia",1936,"Type III: Entente - 1945","South America",0 
165,"Venezuela",1936,"Type III: Entente - 1945","South America",0 
165,"Ecuador",1936,"Type III: Entente - 1945","South America",0 
165,"Peru",1936,"Type III: Entente - 1945","South America",0 
165,"Brazil",1936,"Type III: Entente - 1945","South America",0 
165,"Bolivia",1936,"Type III: Entente - 1945","South America",0 
165,"Paraguay",1936,"Type III: Entente - 1945","South America",0 
165,"Chile",1936,"Type III: Entente - 1945","South America",0 
165,"Argentina",1936,"Type III: Entente - 1945","South America",0 
165,"Uruguay",1936,"Type III: Entente - 1945","South America",0 
166,"Italy",1937,"Type IIa: Non-Aggression Pact - 1941","Europe",0 
166,"Yugoslavia",1937,"Type IIa: Non-Aggression Pact - 1941","Europe",0 
167,"Iran",1937,"Type IIb: Non-Aggression Pact - 1955","Asia",0 
167,"Turkey",1937,"Type IIb: Non-Aggression Pact - 1955","Asia",0 
167,"Iraq",1937,"Type IIb: Non-Aggression Pact - 1955","Asia",0 
167,"Afghanistan",1937,"Type IIb: Non-Aggression Pact - 1955","Asia",0 
168,"Russia",1937,"Type IIa: Non-Aggression Pact - 1945","Europe",0 
168,"China",1937,"Type IIa: Non-Aggression Pact - 1945","Asia",0 
169,"United Kingdom",1937,"Type I: Defense Pact - 1939","Europe",0 
169,"France",1937,"Type I: Defense Pact - 1939","Europe",0 
169,"Yugoslavia",1937,"Type I: Defense Pact - 1939","Europe",0 
169,"Greece",1937,"Type I: Defense Pact - 1939","Europe",0 
169,"Bulgaria",1937,"Type I: Defense Pact - 1939","Europe",0 
169,"Romania",1937,"Type I: Defense Pact - 1939","Europe",0 
169,"Russia",1937,"Type I: Defense Pact - 1939","Europe",0 
169,"Turkey",1937,"Type I: Defense Pact - 1939","Asia",0 
169,"Egypt",1937,"Type I: Defense Pact - 1939","Africa",0 
170,"Bolivia",1938,"Type IIb: Non-Aggression Pact - ","South America",0 
170,"Paraguay",1938,"Type IIb: Non-Aggression Pact - ","South America",0 
171,"Yugoslavia",1938,"Type IIb: Non-Aggression Pact - 1940","Europe",0 
171,"Greece",1938,"Type IIb: Non-Aggression Pact - 1940","Europe",0 
171,"Bulgaria",1938,"Type IIb: Non-Aggression Pact - 1940","Europe",0 
171,"Romania",1938,"Type IIb: Non-Aggression Pact - 1940","Europe",0 
171,"Turkey",1938,"Type IIb: Non-Aggression Pact - 1940","Asia",0 
172,"France",1938,"Type III: Entente - 1939","Europe",0 
172,"Germany",1938,"Type III: Entente - 1939","Europe",0 
173,"Spain",1939,"Type IIa: Non-Aggression Pact - 1977","Europe",0 
173,"Portugal",1939,"Type IIa: Non-Aggression Pact - 1977","Europe",0 
174,"United Kingdom",1939,"Type I: Defense Pact - 1939","Europe",0 
174,"Poland",1939,"Type I: Defense Pact - 1939","Europe",0 
175,"Germany",1939,"Type I: Defense Pact - 1943","Europe",0 
175,"Italy",1939,"Type I: Defense Pact - 1943","Europe",0 
176,"Germany",1939,"Type IIa: Non-Aggression Pact - 1940","Europe",0 
176,"Denmark",1939,"Type IIa: Non-Aggression Pact - 1940","Europe",0 
177,"Germany",1939,"Type IIa: Non-Aggression Pact - 1940","Europe",0 
177,"Estonia",1939,"Type IIa: Non-Aggression Pact - 1940","Europe",0 
178,"Germany",1939,"Type IIa: Non-Aggression Pact - 1940","Europe",0 
178,"Latvia",1939,"Type IIa: Non-Aggression Pact - 1940","Europe",0 
179,"France",1939,"Type I: Defense Pact - 1939","Europe",0 
179,"Turkey",1939,"Type I: Defense Pact - 1939","Asia",0 
180,"Germany",1939,"Type IIa: Non-Aggression Pact - 1941","Europe",0 
180,"Russia",1939,"Type IIa: Non-Aggression Pact - 1941","Europe",0 
181,"Russia",1939,"Type I: Defense Pact - 1940","Europe",0 
181,"Estonia",1939,"Type I: Defense Pact - 1940","Europe",0 
182,"Russia",1939,"Type I: Defense Pact - 1940","Europe",0 
182,"Latvia",1939,"Type I: Defense Pact - 1940","Europe",0 
183,"Russia",1939,"Type I: Defense Pact - 1940","Europe",0 
183,"Lithuania",1939,"Type I: Defense Pact - 1940","Europe",0 
184,"United Kingdom",1939,"Type I: Defense Pact - 1945","Europe",0 
184,"France",1939,"Type I: Defense Pact - 1945","Europe",0 
184,"Turkey",1939,"Type I: Defense Pact - 1945","Asia",0 
185,"Colombia",1939,"Type IIb: Non-Aggression Pact - ","South America",0 
185,"Venezuela",1939,"Type IIb: Non-Aggression Pact - ","South America",0 
186,"Russia",1940,"Type IIb: Non-Aggression Pact - 1941","Europe",0 
186,"Finland",1940,"Type IIb: Non-Aggression Pact - 1941","Europe",0 
187,"United Kingdom",1940,"Type IIa: Non-Aggression Pact - 1940","Europe",0 
187,"Thailand",1940,"Type IIa: Non-Aggression Pact - 1940","Asia",0 
188,"Japan",1940,"Type IIa: Non-Aggression Pact - 1941","Asia",0 
188,"Thailand",1940,"Type IIa: Non-Aggression Pact - 1941","Asia",0 
189,"Germany",1940,"Type I: Defense Pact - 1941","Europe",0 
189,"Hungary",1940,"Type I: Defense Pact - 1941","Europe",0 
189,"Italy",1940,"Type I: Defense Pact - 1941","Europe",0 
189,"Bulgaria",1940,"Type I: Defense Pact - 1941","Europe",0 
189,"Romania",1940,"Type I: Defense Pact - 1941","Europe",0 
189,"Japan",1940,"Type I: Defense Pact - 1941","Asia",0 
190,"Yugoslavia",1941,"Type IIa: Non-Aggression Pact - 1941","Europe",0 
190,"Russia",1941,"Type IIa: Non-Aggression Pact - 1941","Europe",0 
191,"Russia",1941,"Type IIa: Non-Aggression Pact - 1945","Europe",0 
191,"Japan",1941,"Type IIa: Non-Aggression Pact - 1945","Asia",0 
192,"Germany",1941,"Type IIb: Non-Aggression Pact - 1945","Europe",0 
192,"Turkey",1941,"Type IIb: Non-Aggression Pact - 1945","Asia",0 
193,"United Kingdom",1941,"Type I: Defense Pact - 1955","Europe",0 
193,"Russia",1941,"Type I: Defense Pact - 1955","Europe",0 
194,"Japan",1941,"Type I: Defense Pact - 1945","Asia",0 
194,"Thailand",1941,"Type I: Defense Pact - 1945","Asia",0 
195,"United Kingdom",1942,"Type I: Defense Pact - 1946","Europe",0 
195,"Russia",1942,"Type I: Defense Pact - 1946","Europe",0 
195,"Iran",1942,"Type I: Defense Pact - 1946","Asia",0 
196,"Australia",1944,"Type I: Defense Pact - 1951","Oceania",0 
196,"New Zealand",1944,"Type I: Defense Pact - 1951","Oceania",0 
197,"France",1944,"Type I: Defense Pact - 1955","Europe",0 
197,"Russia",1944,"Type I: Defense Pact - 1955","Europe",0 
198,"United States of America",1945,"Type I: Defense Pact - 1947","North America",0 
198,"Cuba",1945,"Type I: Defense Pact - 1947","North America",0 
198,"Haiti",1945,"Type I: Defense Pact - 1947","North America",0 
198,"Dominican Republic",1945,"Type I: Defense Pact - 1947","North America",0 
198,"Mexico",1945,"Type I: Defense Pact - 1947","North America",0 
198,"Guatemala",1945,"Type I: Defense Pact - 1947","North America",0 
198,"Honduras",1945,"Type I: Defense Pact - 1947","North America",0 
198,"Nicaragua",1945,"Type I: Defense Pact - 1947","North America",0 
198,"Costa Rica",1945,"Type I: Defense Pact - 1947","North America",0 
198,"Panama",1945,"Type I: Defense Pact - 1947","North America",0 
198,"Colombia",1945,"Type I: Defense Pact - 1947","South America",0 
198,"Venezuela",1945,"Type I: Defense Pact - 1947","South America",0 
198,"Ecuador",1945,"Type I: Defense Pact - 1947","South America",0 
198,"Peru",1945,"Type I: Defense Pact - 1947","South America",0 
198,"Brazil",1945,"Type I: Defense Pact - 1947","South America",0 
198,"Bolivia",1945,"Type I: Defense Pact - 1947","South America",0 
198,"Paraguay",1945,"Type I: Defense Pact - 1947","South America",0 
198,"Chile",1945,"Type I: Defense Pact - 1947","South America",0 
198,"Argentina",1945,"Type I: Defense Pact - 1947","South America",0 
198,"Uruguay",1945,"Type I: Defense Pact - 1947","South America",0 
199,"Mauritania",1945,"Type III: Entente - ","Africa",0 
199,"Somalia",1945,"Type III: Entente - ","Africa",0 
199,"Djibouti",1945,"Type III: Entente - ","Africa",0 
199,"Morocco",1945,"Type III: Entente - ","Africa",0 
199,"Algeria",1945,"Type III: Entente - ","Africa",0 
199,"Tunisia",1945,"Type III: Entente - ","Africa",0 
199,"Libya",1945,"Type III: Entente - ","Africa",0 
199,"Sudan",1945,"Type III: Entente - ","Africa",0 
199,"Iraq",1945,"Type III: Entente - ","Asia",0 
199,"Egypt",1945,"Type III: Entente - ","Africa",0 
199,"Egypt",1945,"Type III: Entente - ","Africa",0 
199,"Syria",1945,"Type III: Entente - ","Asia",0 
199,"Lebanon",1945,"Type III: Entente - ","Asia",0 
199,"Jordan",1945,"Type III: Entente - ","Asia",0 
199,"Saudi Arabia",1945,"Type III: Entente - ","Asia",0 
199,"Yemen Arab Republic",1945,"Type III: Entente - ","Asia",0 
199,"Yemen",1945,"Type III: Entente - ","Asia",0 
199,"Yemen People's Republic",1945,"Type III: Entente - ","undefined",0 
199,"Kuwait",1945,"Type III: Entente - ","Asia",0 
199,"Bahrain",1945,"Type III: Entente - ","Asia",0 
199,"Qatar",1945,"Type III: Entente - ","Asia",0 
199,"United Arab Emirates",1945,"Type III: Entente - ","Asia",0 
199,"Oman",1945,"Type III: Entente - ","Asia",0 
200,"Yugoslavia",1945,"Type I: Defense Pact - 1949","Europe",0 
200,"Russia",1945,"Type I: Defense Pact - 1949","Europe",0 
201,"Poland",1945,"Type I: Defense Pact - 1989","Europe",0 
201,"Russia",1945,"Type I: Defense Pact - 1989","Europe",0 
202,"Russia",1945,"Type I: Defense Pact - 1949","Europe",0 
202,"China",1945,"Type I: Defense Pact - 1949","Asia",0 
203,"Poland",1946,"Type I: Defense Pact - 1949","Europe",0 
203,"Yugoslavia",1946,"Type I: Defense Pact - 1949","Europe",0 
204,"United Kingdom",1946,"Type I: Defense Pact - 1956","Europe",0 
204,"Jordan",1946,"Type I: Defense Pact - 1956","Asia",0 
205,"Czechoslovakia",1946,"Type I: Defense Pact - 1949","Europe",0 
205,"Yugoslavia",1946,"Type I: Defense Pact - 1949","Europe",0 
206,"Albania",1946,"Type I: Defense Pact - 1949","Europe",0 
206,"Yugoslavia",1946,"Type I: Defense Pact - 1949","Europe",0 
207,"United Kingdom",1947,"Type I: Defense Pact - 1948","Europe",0 
207,"France",1947,"Type I: Defense Pact - 1948","Europe",0 
208,"Poland",1947,"Type I: Defense Pact - 1989","Europe",0 
208,"Czechoslovakia",1947,"Type I: Defense Pact - 1989","Europe",0 
209,"Iraq",1947,"Type III: Entente - 1958","Asia",0 
209,"Jordan",1947,"Type III: Entente - 1958","Asia",0 
210,"United States of America",1947,"Type I: Defense Pact - ","North America",0 
210,"Canada",1947,"Type I: Defense Pact - ","North America",0 
210,"Bahamas",1947,"Type I: Defense Pact - ","North America",0 
210,"Cuba",1947,"Type I: Defense Pact - ","North America",0 
210,"Haiti",1947,"Type I: Defense Pact - ","North America",0 
210,"Dominican Republic",1947,"Type I: Defense Pact - ","North America",0 
210,"Jamaica",1947,"Type I: Defense Pact - ","North America",0 
210,"Trinidad and Tobago",1947,"Type I: Defense Pact - ","North America",0 
210,"Barbados",1947,"Type I: Defense Pact - ","North America",0 
210,"Dominica",1947,"Type I: Defense Pact - ","North America",0 
210,"Grenada",1947,"Type I: Defense Pact - ","North America",0 
210,"St. Lucia",1947,"Type I: Defense Pact - ","undefined",0 
210,"St. Vincent and the Grenadines",1947,"Type I: Defense Pact - ","undefined",0 
210,"Antigua & Barbuda",1947,"Type I: Defense Pact - ","undefined",0 
210,"St. Kitts and Nevis",1947,"Type I: Defense Pact - ","undefined",0 
210,"Mexico",1947,"Type I: Defense Pact - ","North America",0 
210,"Belize",1947,"Type I: Defense Pact - ","North America",0 
210,"Guatemala",1947,"Type I: Defense Pact - ","North America",0 
210,"Honduras",1947,"Type I: Defense Pact - ","North America",0 
210,"El Salvador",1947,"Type I: Defense Pact - ","North America",0 
210,"Nicaragua",1947,"Type I: Defense Pact - ","North America",0 
210,"Costa Rica",1947,"Type I: Defense Pact - ","North America",0 
210,"Panama",1947,"Type I: Defense Pact - ","North America",0 
210,"Colombia",1947,"Type I: Defense Pact - ","South America",0 
210,"Venezuela",1947,"Type I: Defense Pact - ","South America",0 
210,"Guyana",1947,"Type I: Defense Pact - ","South America",0 
210,"Suriname",1947,"Type I: Defense Pact - ","South America",0 
210,"Ecuador",1947,"Type I: Defense Pact - ","South America",0 
210,"Peru",1947,"Type I: Defense Pact - ","South America",0 
210,"Brazil",1947,"Type I: Defense Pact - ","South America",0 
210,"Bolivia",1947,"Type I: Defense Pact - ","South America",0 
210,"Paraguay",1947,"Type I: Defense Pact - ","South America",0 
210,"Chile",1947,"Type I: Defense Pact - ","South America",0 
210,"Argentina",1947,"Type I: Defense Pact - ","South America",0 
210,"Uruguay",1947,"Type I: Defense Pact - ","South America",0 
211,"Hungary",1947,"Type I: Defense Pact - 1949","Europe",0 
211,"Yugoslavia",1947,"Type I: Defense Pact - 1949","Europe",0 
212,"Albania",1947,"Type I: Defense Pact - 1967","Europe",0 
212,"Bulgaria",1947,"Type I: Defense Pact - 1967","Europe",0 
213,"Yugoslavia",1947,"Type I: Defense Pact - 1949","Europe",0 
213,"Romania",1947,"Type I: Defense Pact - 1949","Europe",0 
214,"Bulgaria",1948,"Type I: Defense Pact - 1989","Europe",0 
214,"Romania",1948,"Type I: Defense Pact - 1989","Europe",0 
215,"Hungary",1948,"Type I: Defense Pact - 1989","Europe",0 
215,"Romania",1948,"Type I: Defense Pact - 1989","Europe",0 
216,"Romania",1948,"Type I: Defense Pact - 1989","Europe",0 
216,"Russia",1948,"Type I: Defense Pact - 1989","Europe",0 
217,"Hungary",1948,"Type I: Defense Pact - 1989","Europe",0 
217,"Russia",1948,"Type I: Defense Pact - 1989","Europe",0 
218,"United Kingdom",1948,"Type I: Defense Pact - ","Europe",0 
218,"Netherlands",1948,"Type I: Defense Pact - ","Europe",0 
218,"Belgium",1948,"Type I: Defense Pact - ","Europe",0 
218,"Luxembourg",1948,"Type I: Defense Pact - ","Europe",0 
218,"France",1948,"Type I: Defense Pact - ","Europe",0 
218,"Spain",1948,"Type I: Defense Pact - ","Europe",0 
218,"Portugal",1948,"Type I: Defense Pact - ","Europe",0 
218,"German Federal Republic",1948,"Type I: Defense Pact - ","undefined",0 
218,"Italy",1948,"Type I: Defense Pact - ","Europe",0 
218,"Greece",1948,"Type I: Defense Pact - ","Europe",0 
219,"Bulgaria",1948,"Type I: Defense Pact - 1989","Europe",0 
219,"Russia",1948,"Type I: Defense Pact - 1989","Europe",0 
220,"Russia",1948,"Type I: Defense Pact - 1991","Europe",0 
220,"Finland",1948,"Type I: Defense Pact - 1991","Europe",0 
221,"Czechoslovakia",1948,"Type I: Defense Pact - 1989","Europe",0 
221,"Bulgaria",1948,"Type I: Defense Pact - 1989","Europe",0 
222,"Poland",1948,"Type I: Defense Pact - 1989","Europe",0 
222,"Bulgaria",1948,"Type I: Defense Pact - 1989","Europe",0 
223,"Poland",1948,"Type I: Defense Pact - 1989","Europe",0 
223,"Hungary",1948,"Type I: Defense Pact - 1989","Europe",0 
224,"Hungary",1948,"Type I: Defense Pact - 1989","Europe",0 
224,"Bulgaria",1948,"Type I: Defense Pact - 1989","Europe",0 
225,"Czechoslovakia",1948,"Type I: Defense Pact - 1989","Europe",0 
225,"Romania",1948,"Type I: Defense Pact - 1989","Europe",0 
226,"Poland",1949,"Type I: Defense Pact - 1989","Europe",0 
226,"Romania",1949,"Type I: Defense Pact - 1989","Europe",0 
227,"United States of America",1949,"Type I: Defense Pact - ","North America",0 
227,"Canada",1949,"Type I: Defense Pact - ","North America",0 
227,"United Kingdom",1949,"Type I: Defense Pact - ","Europe",0 
227,"Netherlands",1949,"Type I: Defense Pact - ","Europe",0 
227,"Belgium",1949,"Type I: Defense Pact - ","Europe",0 
227,"Luxembourg",1949,"Type I: Defense Pact - ","Europe",0 
227,"France",1949,"Type I: Defense Pact - ","Europe",0 
227,"Spain",1949,"Type I: Defense Pact - ","Europe",0 
227,"Portugal",1949,"Type I: Defense Pact - ","Europe",0 
227,"Germany",1949,"Type I: Defense Pact - ","Europe",0 
227,"German Federal Republic",1949,"Type I: Defense Pact - ","undefined",0 
227,"Poland",1949,"Type I: Defense Pact - ","Europe",0 
227,"Hungary",1949,"Type I: Defense Pact - ","Europe",0 
227,"Czech Republic",1949,"Type I: Defense Pact - ","undefined",0 
227,"Italy",1949,"Type I: Defense Pact - ","Europe",0 
227,"Greece",1949,"Type I: Defense Pact - ","Europe",0 
227,"Norway",1949,"Type I: Defense Pact - ","Europe",0 
227,"Denmark",1949,"Type I: Defense Pact - ","Europe",0 
227,"Iceland",1949,"Type I: Defense Pact - ","Europe",0 
227,"Turkey",1949,"Type I: Defense Pact - ","Asia",0 
228,"Hungary",1949,"Type I: Defense Pact - 1989","Europe",0 
228,"Czechoslovakia",1949,"Type I: Defense Pact - 1989","Europe",0 
229,"Russia",1950,"Type I: Defense Pact - 1980","Europe",0 
229,"China",1950,"Type I: Defense Pact - 1980","Asia",0 
230,"Somalia",1950,"Type I: Defense Pact - ","Africa",0 
230,"Morocco",1950,"Type I: Defense Pact - ","Africa",0 
230,"Algeria",1950,"Type I: Defense Pact - ","Africa",0 
230,"Tunisia",1950,"Type I: Defense Pact - ","Africa",0 
230,"Libya",1950,"Type I: Defense Pact - ","Africa",0 
230,"Sudan",1950,"Type I: Defense Pact - ","Africa",0 
230,"Iraq",1950,"Type I: Defense Pact - ","Asia",0 
230,"Egypt",1950,"Type I: Defense Pact - ","Africa",0 
230,"Egypt",1950,"Type I: Defense Pact - ","Africa",0 
230,"Syria",1950,"Type I: Defense Pact - ","Asia",0 
230,"Syria",1950,"Type I: Defense Pact - ","Asia",0 
230,"Lebanon",1950,"Type I: Defense Pact - ","Asia",0 
230,"Jordan",1950,"Type I: Defense Pact - ","Asia",0 
230,"Saudi Arabia",1950,"Type I: Defense Pact - ","Asia",0 
230,"Yemen Arab Republic",1950,"Type I: Defense Pact - ","Asia",0 
230,"Yemen",1950,"Type I: Defense Pact - ","Asia",0 
230,"Yemen People's Republic",1950,"Type I: Defense Pact - ","undefined",0 
230,"Kuwait",1950,"Type I: Defense Pact - ","Asia",0 
230,"Bahrain",1950,"Type I: Defense Pact - ","Asia",0 
230,"Qatar",1950,"Type I: Defense Pact - ","Asia",0 
230,"United Arab Emirates",1950,"Type I: Defense Pact - ","Asia",0 
231,"United States of America",1951,"Type I: Defense Pact - ","North America",0 
231,"Philippines",1951,"Type I: Defense Pact - ","Asia",0 
232,"United States of America",1951,"Type I: Defense Pact - ","North America",0 
232,"Australia",1951,"Type I: Defense Pact - ","Oceania",0 
232,"New Zealand",1951,"Type I: Defense Pact - ","Oceania",0 
233,"United States of America",1951,"Type I: Defense Pact - ","North America",0 
233,"Japan",1951,"Type I: Defense Pact - ","Asia",0 
234,"Yugoslavia",1953,"Type I: Defense Pact - 1964","Europe",0 
234,"Yugoslavia",1953,"Type I: Defense Pact - 1964","Europe",0 
234,"Greece",1953,"Type I: Defense Pact - 1964","Europe",0 
234,"Greece",1953,"Type I: Defense Pact - 1964","Europe",0 
234,"Turkey",1953,"Type I: Defense Pact - 1964","Asia",0 
234,"Turkey",1953,"Type I: Defense Pact - 1964","Asia",0 
235,"United Kingdom",1953,"Type I: Defense Pact - 1969","Europe",0 
235,"Libya",1953,"Type I: Defense Pact - 1969","Africa",0 
236,"United States of America",1953,"Type III: Entente - ","North America",0 
236,"South Korea",1953,"Type III: Entente - ","undefined",0 
237,"Turkey",1954,"Type III: Entente - 1955","Asia",0 
237,"Pakistan",1954,"Type III: Entente - 1955","Asia",0 
238,"United States of America",1954,"Type III: Entente - 1977","North America",0 
238,"United Kingdom",1954,"Type III: Entente - 1977","Europe",0 
238,"France",1954,"Type III: Entente - 1977","Europe",0 
238,"Pakistan",1954,"Type III: Entente - 1977","Asia",0 
238,"Thailand",1954,"Type III: Entente - 1977","Asia",0 
238,"Philippines",1954,"Type III: Entente - 1977","Asia",0 
238,"Australia",1954,"Type III: Entente - 1977","Oceania",0 
238,"New Zealand",1954,"Type III: Entente - 1977","Oceania",0 
239,"United Kingdom",1954,"Type III: Entente - 1956","Europe",0 
239,"Egypt",1954,"Type III: Entente - 1956","Africa",0 
240,"United States of America",1954,"Type I: Defense Pact - 1980","North America",0 
240,"Taiwan",1954,"Type I: Defense Pact - 1980","undefined",0 
241,"United States of America",1955,"Type IIb: Non-Aggression Pact - 1979","North America",0 
241,"United Kingdom",1955,"Type IIb: Non-Aggression Pact - 1979","Europe",0 
241,"Iran",1955,"Type IIb: Non-Aggression Pact - 1979","Asia",0 
241,"Turkey",1955,"Type IIb: Non-Aggression Pact - 1979","Asia",0 
241,"Iraq",1955,"Type IIb: Non-Aggression Pact - 1979","Asia",0 
241,"Pakistan",1955,"Type IIb: Non-Aggression Pact - 1979","Asia",0 
242,"United Kingdom",1955,"Type I: Defense Pact - 1959","Europe",0 
242,"Iraq",1955,"Type I: Defense Pact - 1959","Asia",0 
243,"German Democratic Republic",1955,"Type I: Defense Pact - 1991","Europe",0 
243,"Poland",1955,"Type I: Defense Pact - 1991","Europe",0 
243,"Hungary",1955,"Type I: Defense Pact - 1991","Europe",0 
243,"Czechoslovakia",1955,"Type I: Defense Pact - 1991","Europe",0 
243,"Albania",1955,"Type I: Defense Pact - 1991","Europe",0 
243,"Bulgaria",1955,"Type I: Defense Pact - 1991","Europe",0 
243,"Romania",1955,"Type I: Defense Pact - 1991","Europe",0 
243,"Russia",1955,"Type I: Defense Pact - 1991","Europe",0 
244,"France",1955,"Type III: Entente - 2011","Europe",0 
244,"Libya",1955,"Type III: Entente - 2011","Africa",0 
245,"Egypt",1955,"Type I: Defense Pact - 1961","Africa",0 
245,"Syria",1955,"Type I: Defense Pact - 1961","Asia",0 
245,"Jordan",1955,"Type I: Defense Pact - 1961","Asia",0 
246,"Egypt",1955,"Type I: Defense Pact - 1956","Africa",0 
246,"Saudi Arabia",1955,"Type I: Defense Pact - 1956","Asia",0 
247,"Egypt",1956,"Type I: Defense Pact - 1962","Africa",0 
247,"Saudi Arabia",1956,"Type I: Defense Pact - 1962","Asia",0 
247,"Yemen Arab Republic",1956,"Type I: Defense Pact - 1962","Asia",0 
248,"France",1956,"Type III: Entente - 1966","Europe",0 
248,"Morocco",1956,"Type III: Entente - 1966","Africa",0 
249,"United Kingdom",1956,"Type IIa: Non-Aggression Pact - 1956","Europe",0 
249,"France",1956,"Type IIa: Non-Aggression Pact - 1956","Europe",0 
249,"Israel",1956,"Type IIa: Non-Aggression Pact - 1956","Asia",0 
250,"Tunisia",1957,"Type I: Defense Pact - 1974","Africa",0 
250,"Libya",1957,"Type I: Defense Pact - 1974","Africa",0 
251,"United Kingdom",1957,"Type I: Defense Pact - 1971","Europe",0 
251,"Malaysia",1957,"Type I: Defense Pact - 1971","Asia",0 
252,"United States of America",1958,"Type I: Defense Pact - ","North America",0 
252,"Canada",1958,"Type I: Defense Pact - ","North America",0 
253,"United States of America",1959,"Type III: Entente - 1979","North America",0 
253,"Iran",1959,"Type III: Entente - 1979","Asia",0 
254,"United States of America",1959,"Type I: Defense Pact - ","North America",0 
254,"Pakistan",1959,"Type I: Defense Pact - ","Asia",0 
255,"United States of America",1959,"Type I: Defense Pact - ","North America",0 
255,"Turkey",1959,"Type I: Defense Pact - ","Asia",0 
256,"United States of America",1959,"Type III: Entente - ","North America",0 
256,"Liberia",1959,"Type III: Entente - ","Africa",0 
257,"China",1960,"Type IIb: Non-Aggression Pact - 1967","Asia",0 
257,"Myanmar",1960,"Type IIb: Non-Aggression Pact - 1967","undefined",0 
258,"France",1960,"Type I: Defense Pact - 1978","Europe",0 
258,"Central African Republic",1960,"Type I: Defense Pact - 1978","Africa",0 
258,"Chad",1960,"Type I: Defense Pact - 1978","Africa",0 
258,"Congo",1960,"Type I: Defense Pact - 1978","Africa",0 
259,"Greece",1960,"Type I: Defense Pact - 1974","Europe",0 
259,"Cyprus",1960,"Type I: Defense Pact - 1974","Europe",0 
259,"Turkey",1960,"Type I: Defense Pact - 1974","Asia",0 
260,"France",1960,"Type I: Defense Pact - ","Europe",0 
260,"Gabon",1960,"Type I: Defense Pact - ","Africa",0 
261,"Afghanistan",1960,"Type IIb: Non-Aggression Pact - 1979","Asia",0 
261,"China",1960,"Type IIb: Non-Aggression Pact - 1979","Asia",0 
262,"China",1960,"Type IIb: Non-Aggression Pact - 1970","Asia",0 
262,"Cambodia",1960,"Type IIb: Non-Aggression Pact - 1970","Asia",0 
263,"Mali",1961,"Type I: Defense Pact - 1963","Africa",0 
263,"Guinea",1961,"Type I: Defense Pact - 1963","Africa",0 
263,"Ghana",1961,"Type I: Defense Pact - 1963","Africa",0 
264,"Russia",1961,"Type I: Defense Pact - 1995","Europe",0 
264,"North Korea",1961,"Type I: Defense Pact - 1995","undefined",0 
265,"China",1961,"Type I: Defense Pact - ","Asia",0 
265,"North Korea",1961,"Type I: Defense Pact - ","undefined",0 
266,"Senegal",1961,"Type I: Defense Pact - 1964","Africa",0 
266,"Benin",1961,"Type I: Defense Pact - 1964","Africa",0 
266,"Mauritania",1961,"Type I: Defense Pact - 1964","Africa",0 
266,"Niger",1961,"Type I: Defense Pact - 1964","Africa",0 
266,"Ivory Coast",1961,"Type I: Defense Pact - 1964","Africa",0 
266,"Burkina Faso",1961,"Type I: Defense Pact - 1964","undefined",0 
266,"Togo",1961,"Type I: Defense Pact - 1964","Africa",0 
266,"Cameroon",1961,"Type I: Defense Pact - 1964","Africa",0 
266,"Gabon",1961,"Type I: Defense Pact - 1964","Africa",0 
266,"Central African Republic",1961,"Type I: Defense Pact - 1964","Africa",0 
266,"Chad",1961,"Type I: Defense Pact - 1964","Africa",0 
266,"Congo",1961,"Type I: Defense Pact - 1964","Africa",0 
266,"Rwanda",1961,"Type I: Defense Pact - 1964","Africa",0 
266,"Madagascar",1961,"Type I: Defense Pact - 1964","Africa",0 
267,"United States of America",1962,"Type IIa: Non-Aggression Pact - 1964","North America",0 
267,"Canada",1962,"Type IIa: Non-Aggression Pact - 1964","North America",0 
267,"United Kingdom",1962,"Type IIa: Non-Aggression Pact - 1964","Europe",0 
267,"France",1962,"Type IIa: Non-Aggression Pact - 1964","Europe",0 
267,"Poland",1962,"Type IIa: Non-Aggression Pact - 1964","Europe",0 
267,"Russia",1962,"Type IIa: Non-Aggression Pact - 1964","Europe",0 
267,"China",1962,"Type IIa: Non-Aggression Pact - 1964","Asia",0 
267,"India",1962,"Type IIa: Non-Aggression Pact - 1964","Asia",0 
267,"Myanmar",1962,"Type IIa: Non-Aggression Pact - 1964","undefined",0 
267,"Thailand",1962,"Type IIa: Non-Aggression Pact - 1964","Asia",0 
267,"Cambodia",1962,"Type IIa: Non-Aggression Pact - 1964","Asia",0 
267,"Vietnam",1962,"Type IIa: Non-Aggression Pact - 1964","Asia",0 
267,"Republic of Vietnam",1962,"Type IIa: Non-Aggression Pact - 1964","undefined",0 
268,"Jordan",1962,"Type III: Entente - 1967","Asia",0 
268,"Saudi Arabia",1962,"Type III: Entente - 1967","Asia",0 
269,"Egypt",1962,"Type I: Defense Pact - 1967","Africa",0 
269,"Yemen Arab Republic",1962,"Type I: Defense Pact - 1967","Asia",0 
270,"Kenya",1963,"Type I: Defense Pact - ","Africa",0 
270,"Ethiopia",1963,"Type I: Defense Pact - ","Africa",0 
271,"Guatemala",1963,"Type I: Defense Pact - 1969","North America",0 
271,"Honduras",1963,"Type I: Defense Pact - 1969","North America",0 
271,"El Salvador",1963,"Type I: Defense Pact - 1969","North America",0 
271,"Nicaragua",1963,"Type I: Defense Pact - 1969","North America",0 
271,"Costa Rica",1963,"Type I: Defense Pact - 1969","North America",0 
271,"Panama",1963,"Type I: Defense Pact - 1969","North America",0 
272,"German Democratic Republic",1964,"Type I: Defense Pact - 1989","Europe",0 
272,"Russia",1964,"Type I: Defense Pact - 1989","Europe",0 
273,"Democratic Republic of the Congo",1966,"Type I: Defense Pact - 1994","undefined",0 
273,"Burundi",1966,"Type I: Defense Pact - 1994","Africa",0 
273,"Rwanda",1966,"Type I: Defense Pact - 1994","Africa",0 
274,"Egypt",1966,"Type I: Defense Pact - 1967","Africa",0 
274,"Syria",1966,"Type I: Defense Pact - 1967","Asia",0 
275,"German Democratic Republic",1967,"Type I: Defense Pact - 1989","Europe",0 
275,"Poland",1967,"Type I: Defense Pact - 1989","Europe",0 
276,"German Democratic Republic",1967,"Type I: Defense Pact - 1989","Europe",0 
276,"Czechoslovakia",1967,"Type I: Defense Pact - 1989","Europe",0 
277,"German Democratic Republic",1967,"Type I: Defense Pact - 1989","Europe",0 
277,"Hungary",1967,"Type I: Defense Pact - 1989","Europe",0 
278,"Iraq",1967,"Type I: Defense Pact - 1979","Asia",0 
278,"Egypt",1967,"Type I: Defense Pact - 1979","Africa",0 
278,"Jordan",1967,"Type I: Defense Pact - 1979","Asia",0 
279,"German Democratic Republic",1967,"Type I: Defense Pact - 1989","Europe",0 
279,"Bulgaria",1967,"Type I: Defense Pact - 1989","Europe",0 
280,"United Kingdom",1968,"Type III: Entente - 1976","Europe",0 
280,"Mauritius",1968,"Type III: Entente - 1976","Africa",0 
281,"Central African Republic",1968,"Type I: Defense Pact - 1968","Africa",0 
281,"Chad",1968,"Type I: Defense Pact - 1968","Africa",0 
281,"Congo",1968,"Type I: Defense Pact - 1968","Africa",0 
282,"Morocco",1969,"Type IIb: Non-Aggression Pact - 1975","Africa",0 
282,"Algeria",1969,"Type IIb: Non-Aggression Pact - 1975","Africa",0 
283,"Algeria",1970,"Type IIb: Non-Aggression Pact - 1983","Africa",0 
283,"Tunisia",1970,"Type IIb: Non-Aggression Pact - 1983","Africa",0 
284,"Mauritania",1970,"Type IIb: Non-Aggression Pact - 1981","Africa",0 
284,"Morocco",1970,"Type IIb: Non-Aggression Pact - 1981","Africa",0 
285,"United States of America",1970,"Type III: Entente - 1981","North America",0 
285,"Spain",1970,"Type III: Entente - 1981","Europe",0 
286,"France",1970,"Type III: Entente - 1990","Europe",0 
286,"Russia",1970,"Type III: Entente - 1990","Europe",0 
287,"Canada",1971,"Type III: Entente - 1992","North America",0 
287,"Russia",1971,"Type III: Entente - 1992","Europe",0 
288,"Russia",1971,"Type III: Entente - 1976","Europe",0 
288,"Egypt",1971,"Type III: Entente - 1976","Africa",0 
289,"Russia",1971,"Type IIb: Non-Aggression Pact - 1991","Europe",0 
289,"India",1971,"Type IIb: Non-Aggression Pact - 1991","Asia",0 
290,"India",1972,"Type IIb: Non-Aggression Pact - 1997","Asia",0 
290,"Bangladesh",1972,"Type IIb: Non-Aggression Pact - 1997","Asia",0 
291,"Russia",1972,"Type III: Entente - 1990","Europe",0 
291,"Iraq",1972,"Type III: Entente - 1990","Asia",0 
292,"German Democratic Republic",1972,"Type I: Defense Pact - 1989","Europe",0 
292,"Romania",1972,"Type I: Defense Pact - 1989","Europe",0 
293,"Uganda",1972,"Type I: Defense Pact - 1979","Africa",0 
293,"Sudan",1972,"Type I: Defense Pact - 1979","Africa",0 
294,"India",1972,"Type IIb: Non-Aggression Pact - ","Asia",0 
294,"Pakistan",1972,"Type IIb: Non-Aggression Pact - ","Asia",0 
295,"Niger",1974,"Type I: Defense Pact - 1981","Africa",0 
295,"Libya",1974,"Type I: Defense Pact - 1981","Africa",0 
296,"Algeria",1975,"Type I: Defense Pact - 1984","Africa",0 
296,"Libya",1975,"Type I: Defense Pact - 1984","Africa",0 
297,"Sudan",1976,"Type I: Defense Pact - 1989","Africa",0 
297,"Egypt",1976,"Type I: Defense Pact - 1989","Africa",0 
298,"Russia",1976,"Type III: Entente - 1991","Europe",0 
298,"Angola",1976,"Type III: Entente - 1991","Africa",0 
299,"Russia",1977,"Type III: Entente - 1991","Europe",0 
299,"Mozambique",1977,"Type III: Entente - 1991","Africa",0 
300,"Cape Verde",1977,"Type IIb: Non-Aggression Pact - 1981","Africa",0 
300,"Guinea-Bissau",1977,"Type IIb: Non-Aggression Pact - 1981","Africa",0 
300,"Gambia",1977,"Type IIb: Non-Aggression Pact - 1981","Africa",0 
300,"Mali",1977,"Type IIb: Non-Aggression Pact - 1981","Africa",0 
300,"Senegal",1977,"Type IIb: Non-Aggression Pact - 1981","Africa",0 
300,"Benin",1977,"Type IIb: Non-Aggression Pact - 1981","Africa",0 
300,"Mauritania",1977,"Type IIb: Non-Aggression Pact - 1981","Africa",0 
300,"Niger",1977,"Type IIb: Non-Aggression Pact - 1981","Africa",0 
300,"Ivory Coast",1977,"Type IIb: Non-Aggression Pact - 1981","Africa",0 
300,"Guinea",1977,"Type IIb: Non-Aggression Pact - 1981","Africa",0 
300,"Burkina Faso",1977,"Type IIb: Non-Aggression Pact - 1981","undefined",0 
300,"Liberia",1977,"Type IIb: Non-Aggression Pact - 1981","Africa",0 
300,"Sierra Leone",1977,"Type IIb: Non-Aggression Pact - 1981","Africa",0 
300,"Ghana",1977,"Type IIb: Non-Aggression Pact - 1981","Africa",0 
300,"Togo",1977,"Type IIb: Non-Aggression Pact - 1981","Africa",0 
300,"Nigeria",1977,"Type IIb: Non-Aggression Pact - 1981","Africa",0 
301,"Russia",1978,"Type III: Entente - 1991","Europe",0 
301,"Vietnam",1978,"Type III: Entente - 1991","Asia",0 
302,"Russia",1978,"Type III: Entente - 1991","Europe",0 
302,"Ethiopia",1978,"Type III: Entente - 1991","Africa",0 
303,"Chile",1979,"Type IIb: Non-Aggression Pact - ","South America",0 
303,"Argentina",1979,"Type IIb: Non-Aggression Pact - ","South America",0 
304,"Guinea",1979,"Type IIb: Non-Aggression Pact - ","Africa",0 
304,"Guinea",1979,"Type IIb: Non-Aggression Pact - ","Africa",0 
304,"Liberia",1979,"Type IIb: Non-Aggression Pact - ","Africa",0 
304,"Liberia",1979,"Type IIb: Non-Aggression Pact - ","Africa",0 
305,"German Democratic Republic",1979,"Type IIa: Non-Aggression Pact - 1989","Europe",0 
305,"Angola",1979,"Type IIa: Non-Aggression Pact - 1989","Africa",0 
306,"German Democratic Republic",1979,"Type III: Entente - 1989","Europe",0 
306,"Mozambique",1979,"Type III: Entente - 1989","Africa",0 
307,"Democratic Republic of the Congo",1979,"Type IIb: Non-Aggression Pact - 1982","undefined",0 
307,"Angola",1979,"Type IIb: Non-Aggression Pact - 1982","Africa",0 
307,"Zambia",1979,"Type IIb: Non-Aggression Pact - 1982","Africa",0 
308,"Russia",1979,"Type III: Entente - 1990","Europe",0 
308,"Yemen People's Republic",1979,"Type III: Entente - 1990","undefined",0 
309,"German Democratic Republic",1979,"Type IIb: Non-Aggression Pact - 1989","Europe",0 
309,"Ethiopia",1979,"Type IIb: Non-Aggression Pact - 1989","Africa",0 
310,"German Democratic Republic",1979,"Type IIb: Non-Aggression Pact - 1989","Europe",0 
310,"Yemen People's Republic",1979,"Type IIb: Non-Aggression Pact - 1989","undefined",0 
311,"Ethiopia",1979,"Type IIb: Non-Aggression Pact - 1990","Africa",0 
311,"Yemen People's Republic",1979,"Type IIb: Non-Aggression Pact - 1990","undefined",0 
312,"Guinea-Bissau",1980,"Type I: Defense Pact - 1999","Africa",0 
312,"Guinea",1980,"Type I: Defense Pact - 1999","Africa",0 
313,"Chad",1980,"Type IIb: Non-Aggression Pact - 1982","Africa",0 
313,"Libya",1980,"Type IIb: Non-Aggression Pact - 1982","Africa",0 
314,"Libya",1980,"Type I: Defense Pact - 1980","Africa",0 
314,"Syria",1980,"Type I: Defense Pact - 1980","Asia",0 
315,"Italy",1980,"Type III: Entente - 1984","Europe",0 
315,"Malta",1980,"Type III: Entente - 1984","Europe",0 
316,"Russia",1980,"Type III: Entente - 1991","Europe",0 
316,"Syria",1980,"Type III: Entente - 1991","Asia",0 
317,"Russia",1981,"Type III: Entente - 1991","Europe",0 
317,"Congo",1981,"Type III: Entente - 1991","Africa",0 
318,"Cape Verde",1981,"Type I: Defense Pact - ","Africa",0 
318,"Guinea-Bissau",1981,"Type I: Defense Pact - ","Africa",0 
318,"Gambia",1981,"Type I: Defense Pact - ","Africa",0 
318,"Mali",1981,"Type I: Defense Pact - ","Africa",0 
318,"Senegal",1981,"Type I: Defense Pact - ","Africa",0 
318,"Benin",1981,"Type I: Defense Pact - ","Africa",0 
318,"Mauritania",1981,"Type I: Defense Pact - ","Africa",0 
318,"Niger",1981,"Type I: Defense Pact - ","Africa",0 
318,"Ivory Coast",1981,"Type I: Defense Pact - ","Africa",0 
318,"Guinea",1981,"Type I: Defense Pact - ","Africa",0 
318,"Burkina Faso",1981,"Type I: Defense Pact - ","undefined",0 
318,"Liberia",1981,"Type I: Defense Pact - ","Africa",0 
318,"Sierra Leone",1981,"Type I: Defense Pact - ","Africa",0 
318,"Ghana",1981,"Type I: Defense Pact - ","Africa",0 
318,"Togo",1981,"Type I: Defense Pact - ","Africa",0 
318,"Nigeria",1981,"Type I: Defense Pact - ","Africa",0 
319,"Dominica",1981,"Type I: Defense Pact - ","North America",0 
319,"Grenada",1981,"Type I: Defense Pact - ","North America",0 
319,"St. Lucia",1981,"Type I: Defense Pact - ","undefined",0 
319,"St. Vincent and the Grenadines",1981,"Type I: Defense Pact - ","undefined",0 
319,"Antigua & Barbuda",1981,"Type I: Defense Pact - ","undefined",0 
319,"St. Kitts and Nevis",1981,"Type I: Defense Pact - ","undefined",0 
320,"Ethiopia",1981,"Type I: Defense Pact - 1986","Africa",0 
320,"Libya",1981,"Type I: Defense Pact - 1986","Africa",0 
320,"Yemen People's Republic",1981,"Type I: Defense Pact - 1986","undefined",0 
321,"Hungary",1981,"Type IIb: Non-Aggression Pact - 1989","Europe",0 
321,"Angola",1981,"Type IIb: Non-Aggression Pact - 1989","Africa",0 
322,"Gambia",1981,"Type I: Defense Pact - 1989","Africa",0 
322,"Senegal",1981,"Type I: Defense Pact - 1989","Africa",0 
323,"South Africa",1982,"Type IIb: Non-Aggression Pact - ","Africa",0 
323,"Swaziland",1982,"Type IIb: Non-Aggression Pact - ","Africa",0 
324,"Czechoslovakia",1982,"Type IIb: Non-Aggression Pact - 1989","Europe",0 
324,"Libya",1982,"Type IIb: Non-Aggression Pact - 1989","Africa",0 
325,"Bulgaria",1983,"Type IIb: Non-Aggression Pact - 1989","Europe",0 
325,"Libya",1983,"Type IIb: Non-Aggression Pact - 1989","Africa",0 
326,"Mauritania",1983,"Type IIb: Non-Aggression Pact - 1989","Africa",0 
326,"Algeria",1983,"Type IIb: Non-Aggression Pact - 1989","Africa",0 
326,"Tunisia",1983,"Type IIb: Non-Aggression Pact - 1989","Africa",0 
327,"Lebanon",1983,"Type IIb: Non-Aggression Pact - 1984","Asia",0 
327,"Israel",1983,"Type IIb: Non-Aggression Pact - 1984","Asia",0 
328,"Mozambique",1984,"Type IIb: Non-Aggression Pact - 1994","Africa",0 
328,"South Africa",1984,"Type IIb: Non-Aggression Pact - 1994","Africa",0 
329,"Morocco",1984,"Type III: Entente - 1986","Africa",0 
329,"Libya",1984,"Type III: Entente - 1986","Africa",0 
330,"Malta",1984,"Type I: Defense Pact - 1989","Europe",0 
330,"Libya",1984,"Type I: Defense Pact - 1989","Africa",0 
331,"Chile",1984,"Type IIb: Non-Aggression Pact - ","South America",0 
331,"Argentina",1984,"Type IIb: Non-Aggression Pact - ","South America",0 
332,"Guinea",1986,"Type IIa: Non-Aggression Pact - 1991","Africa",0 
332,"Liberia",1986,"Type IIa: Non-Aggression Pact - 1991","Africa",0 
332,"Sierra Leone",1986,"Type IIa: Non-Aggression Pact - 1991","Africa",0 
333,"Afghanistan",1988,"Type IIb: Non-Aggression Pact - 1989","Asia",0 
333,"Pakistan",1988,"Type IIb: Non-Aggression Pact - 1989","Asia",0 
334,"Mauritania",1989,"Type I: Defense Pact - ","Africa",0 
334,"Morocco",1989,"Type I: Defense Pact - ","Africa",0 
334,"Algeria",1989,"Type I: Defense Pact - ","Africa",0 
334,"Tunisia",1989,"Type I: Defense Pact - ","Africa",0 
334,"Libya",1989,"Type I: Defense Pact - ","Africa",0 
335,"Iraq",1989,"Type IIb: Non-Aggression Pact - 1990","Asia",0 
335,"Saudi Arabia",1989,"Type IIb: Non-Aggression Pact - 1990","Asia",0 
336,"France",1990,"Type III: Entente - 1991","Europe",0 
336,"Russia",1990,"Type III: Entente - 1991","Europe",0 
337,"Germany",1990,"Type IIa: Non-Aggression Pact - ","Europe",0 
337,"Russia",1990,"Type IIa: Non-Aggression Pact - ","Europe",0 
338,"Italy",1990,"Type III: Entente - 1991","Europe",0 
338,"Russia",1990,"Type III: Entente - 1991","Europe",0 
339,"Syria",1991,"Type III: Entente - ","Asia",0 
339,"Lebanon",1991,"Type III: Entente - ","Asia",0 
340,"Romania",1991,"Type IIa: Non-Aggression Pact - ","Europe",0 
340,"Turkey",1991,"Type IIa: Non-Aggression Pact - ","Asia",0 
341,"Greece",1991,"Type IIa: Non-Aggression Pact - ","Europe",0 
341,"Bulgaria",1991,"Type IIa: Non-Aggression Pact - ","Europe",0 
342,"Greece",1991,"Type IIa: Non-Aggression Pact - ","Europe",0 
342,"Romania",1991,"Type IIa: Non-Aggression Pact - ","Europe",0 
343,"Hungary",1991,"Type IIa: Non-Aggression Pact - ","Europe",0 
343,"Ukraine",1991,"Type IIa: Non-Aggression Pact - ","Europe",0 
344,"North Korea",1991,"Type IIb: Non-Aggression Pact - ","undefined",0 
344,"South Korea",1991,"Type IIb: Non-Aggression Pact - ","undefined",0 
345,"Russia",1992,"Type IIa: Non-Aggression Pact - ","Europe",0 
345,"Finland",1992,"Type IIa: Non-Aggression Pact - ","Europe",0 
346,"Bulgaria",1992,"Type IIa: Non-Aggression Pact - ","Europe",0 
346,"Romania",1992,"Type IIa: Non-Aggression Pact - ","Europe",0 
347,"France",1992,"Type III: Entente - ","Europe",0 
347,"Russia",1992,"Type III: Entente - ","Europe",0 
348,"Bulgaria",1992,"Type IIa: Non-Aggression Pact - ","Europe",0 
348,"Turkey",1992,"Type IIa: Non-Aggression Pact - ","Asia",0 
349,"Moldova",1992,"Type I: Defense Pact - ","Europe",0 
349,"Russia",1992,"Type I: Defense Pact - ","Europe",0 
349,"Ukraine",1992,"Type I: Defense Pact - ","Europe",0 
349,"Belarus",1992,"Type I: Defense Pact - ","Europe",0 
349,"Armenia",1992,"Type I: Defense Pact - ","Europe",0 
349,"Georgia",1992,"Type I: Defense Pact - ","Europe",0 
349,"Azerbaijan",1992,"Type I: Defense Pact - ","Europe",0 
349,"Turkmenistan",1992,"Type I: Defense Pact - ","Asia",0 
349,"Tajikistan",1992,"Type I: Defense Pact - ","Asia",0 
349,"Kyrgyzstan",1992,"Type I: Defense Pact - ","Asia",0 
349,"Uzbekistan",1992,"Type I: Defense Pact - ","Asia",0 
349,"Kazakhstan",1992,"Type I: Defense Pact - ","Asia",0 
350,"Russia",1992,"Type I: Defense Pact - ","Europe",0 
350,"Belarus",1992,"Type I: Defense Pact - ","Europe",0 
350,"Armenia",1992,"Type I: Defense Pact - ","Europe",0 
350,"Georgia",1992,"Type I: Defense Pact - ","Europe",0 
350,"Azerbaijan",1992,"Type I: Defense Pact - ","Europe",0 
350,"Tajikistan",1992,"Type I: Defense Pact - ","Asia",0 
350,"Kyrgyzstan",1992,"Type I: Defense Pact - ","Asia",0 
350,"Uzbekistan",1992,"Type I: Defense Pact - ","Asia",0 
350,"Kazakhstan",1992,"Type I: Defense Pact - ","Asia",0 
351,"Poland",1992,"Type IIa: Non-Aggression Pact - ","Europe",0 
351,"Ukraine",1992,"Type IIa: Non-Aggression Pact - ","Europe",0 
352,"Poland",1992,"Type IIa: Non-Aggression Pact - ","Europe",0 
352,"Russia",1992,"Type IIa: Non-Aggression Pact - ","Europe",0 
353,"Russia",1992,"Type I: Defense Pact - ","Europe",0 
353,"Kazakhstan",1992,"Type I: Defense Pact - ","Asia",0 
354,"Russia",1992,"Type IIa: Non-Aggression Pact - ","Europe",0 
354,"Turkey",1992,"Type IIa: Non-Aggression Pact - ","Asia",0 
355,"Russia",1992,"Type I: Defense Pact - ","Europe",0 
355,"Uzbekistan",1992,"Type I: Defense Pact - ","Asia",0 
356,"Albania",1992,"Type IIa: Non-Aggression Pact - ","Europe",0 
356,"Turkey",1992,"Type IIa: Non-Aggression Pact - ","Asia",0 
357,"Russia",1992,"Type I: Defense Pact - ","Europe",0 
357,"Kyrgyzstan",1992,"Type I: Defense Pact - ","Asia",0 
358,"Canada",1992,"Type IIa: Non-Aggression Pact - ","North America",0 
358,"Russia",1992,"Type IIa: Non-Aggression Pact - ","Europe",0 
359,"Poland",1992,"Type IIa: Non-Aggression Pact - ","Europe",0 
359,"Belarus",1992,"Type IIa: Non-Aggression Pact - ","Europe",0 
360,"Poland",1992,"Type IIa: Non-Aggression Pact - ","Europe",0 
360,"Latvia",1992,"Type IIa: Non-Aggression Pact - ","Europe",0 
361,"Poland",1992,"Type IIa: Non-Aggression Pact - ","Europe",0 
361,"Estonia",1992,"Type IIa: Non-Aggression Pact - ","Europe",0 
362,"Croatia",1992,"Type I: Defense Pact - 1999","Europe",0 
362,"Bosnia and Herzegovina",1992,"Type I: Defense Pact - 1999","Europe",0 
363,"Russia",1992,"Type I: Defense Pact - 2002","Europe",0 
363,"Turkmenistan",1992,"Type I: Defense Pact - 2002","Asia",0 
364,"Bulgaria",1992,"Type IIa: Non-Aggression Pact - ","Europe",0 
364,"Russia",1992,"Type IIa: Non-Aggression Pact - ","Europe",0 
365,"Kyrgyzstan",1992,"Type I: Defense Pact - ","Asia",0 
365,"Uzbekistan",1992,"Type I: Defense Pact - ","Asia",0 
366,"Moldova",1992,"Type IIa: Non-Aggression Pact - ","Europe",0 
366,"Ukraine",1992,"Type IIa: Non-Aggression Pact - ","Europe",0 
367,"Czech Republic",1992,"Type I: Defense Pact - ","undefined",0 
367,"Slovakia",1992,"Type I: Defense Pact - ","Europe",0 
368,"Russia",1993,"Type IIb: Non-Aggression Pact - ","Europe",0 
368,"Mongolia",1993,"Type IIb: Non-Aggression Pact - ","Asia",0 
369,"Albania",1993,"Type IIa: Non-Aggression Pact - ","Europe",0 
369,"Bulgaria",1993,"Type IIa: Non-Aggression Pact - ","Europe",0 
370,"Poland",1993,"Type IIa: Non-Aggression Pact - ","Europe",0 
370,"Georgia",1993,"Type IIa: Non-Aggression Pact - ","Europe",0 
371,"Russia",1993,"Type I: Defense Pact - ","Europe",0 
371,"Tajikistan",1993,"Type I: Defense Pact - ","Asia",0 
372,"Slovakia",1993,"Type IIa: Non-Aggression Pact - ","Europe",0 
372,"Ukraine",1993,"Type IIa: Non-Aggression Pact - ","Europe",0 
373,"Slovakia",1993,"Type IIa: Non-Aggression Pact - ","Europe",0 
373,"Romania",1993,"Type IIa: Non-Aggression Pact - ","Europe",0 
374,"Bulgaria",1993,"Type IIa: Non-Aggression Pact - ","Europe",0 
374,"Belarus",1993,"Type IIa: Non-Aggression Pact - ","Europe",0 
375,"France",1994,"Type III: Entente - ","Europe",0 
375,"Georgia",1994,"Type III: Entente - ","Europe",0 
376,"Lithuania",1994,"Type IIa: Non-Aggression Pact - ","Europe",0 
376,"Ukraine",1994,"Type IIa: Non-Aggression Pact - ","Europe",0 
377,"Azerbaijan",1994,"Type I: Defense Pact - ","Europe",0 
377,"Turkey",1994,"Type I: Defense Pact - ","Asia",0 
378,"Poland",1994,"Type IIa: Non-Aggression Pact - ","Europe",0 
378,"Lithuania",1994,"Type IIa: Non-Aggression Pact - ","Europe",0 
379,"Croatia",1994,"Type IIa: Non-Aggression Pact - ","Europe",0 
379,"Turkey",1994,"Type IIa: Non-Aggression Pact - ","Asia",0 
380,"Jordan",1994,"Type IIa: Non-Aggression Pact - ","Asia",0 
380,"Israel",1994,"Type IIa: Non-Aggression Pact - ","Asia",0 
381,"Poland",1994,"Type IIa: Non-Aggression Pact - ","Europe",0 
381,"Moldova",1994,"Type IIa: Non-Aggression Pact - ","Europe",0 
382,"Lithuania",1995,"Type IIa: Non-Aggression Pact - ","Europe",0 
382,"Belarus",1995,"Type IIa: Non-Aggression Pact - ","Europe",0 
383,"Moldova",1995,"Type IIa: Non-Aggression Pact - ","Europe",0 
383,"Lithuania",1995,"Type IIa: Non-Aggression Pact - ","Europe",0 
384,"Latvia",1995,"Type IIa: Non-Aggression Pact - ","Europe",0 
384,"Ukraine",1995,"Type IIa: Non-Aggression Pact - ","Europe",0 
385,"Latvia",1995,"Type IIa: Non-Aggression Pact - ","Europe",0 
385,"Uzbekistan",1995,"Type IIa: Non-Aggression Pact - ","Asia",0 
386,"Croatia",1995,"Type IIb: Non-Aggression Pact - ","Europe",0 
386,"Yugoslavia",1995,"Type IIb: Non-Aggression Pact - ","Europe",0 
386,"Bosnia and Herzegovina",1995,"Type IIb: Non-Aggression Pact - ","Europe",0 
387,"Indonesia",1995,"Type III: Entente - 1999","Asia",0 
387,"Australia",1995,"Type III: Entente - 1999","Oceania",0 
388,"Barbados",1996,"Type I: Defense Pact - ","North America",0 
388,"Dominica",1996,"Type I: Defense Pact - ","North America",0 
388,"Grenada",1996,"Type I: Defense Pact - ","North America",0 
388,"St. Lucia",1996,"Type I: Defense Pact - ","undefined",0 
388,"St. Vincent and the Grenadines",1996,"Type I: Defense Pact - ","undefined",0 
388,"Antigua & Barbuda",1996,"Type I: Defense Pact - ","undefined",0 
388,"St. Kitts and Nevis",1996,"Type I: Defense Pact - ","undefined",0 
389,"Russia",1996,"Type IIb: Non-Aggression Pact - ","Europe",0 
389,"Tajikistan",1996,"Type IIb: Non-Aggression Pact - ","Asia",0 
389,"Kyrgyzstan",1996,"Type IIb: Non-Aggression Pact - ","Asia",0 
389,"Uzbekistan",1996,"Type IIb: Non-Aggression Pact - ","Asia",0 
389,"Kazakhstan",1996,"Type IIb: Non-Aggression Pact - ","Asia",0 
389,"China",1996,"Type IIb: Non-Aggression Pact - ","Asia",0 
390,"Ukraine",1996,"Type IIa: Non-Aggression Pact - ","Europe",0 
390,"Armenia",1996,"Type IIa: Non-Aggression Pact - ","Europe",0 
391,"Poland",1996,"Type IIb: Non-Aggression Pact - ","Europe",0 
391,"Greece",1996,"Type IIb: Non-Aggression Pact - ","Europe",0 
392,"Slovakia",1997,"Type IIa: Non-Aggression Pact - ","Europe",0 
392,"Uzbekistan",1997,"Type IIa: Non-Aggression Pact - ","Asia",0 
393,"Russia",1997,"Type I: Defense Pact - ","Europe",0 
393,"Belarus",1997,"Type I: Defense Pact - ","Europe",0 
394,"Central African Republic",1998,"Type I: Defense Pact - ","Africa",0 
394,"Congo",1998,"Type I: Defense Pact - ","Africa",0 
395,"Congo",1998,"Type IIb: Non-Aggression Pact - ","Africa",0 
395,"Democratic Republic of the Congo",1998,"Type IIb: Non-Aggression Pact - ","undefined",0 
396,"Congo",1999,"Type I: Defense Pact - 2001","Africa",0 
396,"Angola",1999,"Type I: Defense Pact - 2001","Africa",0 
396,"Zimbabwe",1999,"Type I: Defense Pact - 2001","Africa",0 
396,"Namibia",1999,"Type I: Defense Pact - 2001","Africa",0 
413,"Egypt",1979,"Type IIb: Non-Aggression Pact - ","Africa",0 
413,"Israel",1979,"Type IIb: Non-Aggression Pact - ","Asia",0 
414,"United States of America",1981,"Type III: Entente - 1991","North America",0 
414,"Israel",1981,"Type III: Entente - 1991","Asia",0 
