google.com,Google,Internet & Telecom,google.com
google.com,Google,Internet & Telecom,google.com
google.com,Google,Animal Products & Services,google.com
google.com,Google,Reference,google.com
google.com,Google,Internet & Telecom,google.com
uniba.it,Google,Travel,uniba.it
aviz.fr,Google,Travel,aviz.fr
google.com,Google,Online Communities,google.com
google.com,Google,Science,google.com
google.com,Google,Online Communities,google.com
google.com,Google,Internet & Telecom,google.com
google.com,Google,News,google.com
google.com,Google,Food & Drink,google.com
qlik.com,LinkedIn,Food & Drink,qlik.com
qlik.com,Google,Food & Drink,qlik.com
qlik.com,Marketo,Food & Drink,qlik.com
qlik.com,Rapleaf,Food & Drink,qlik.com
qlik.com,Facebook,Food & Drink,qlik.com
qlik.com,The Trade Desk,Food & Drink,qlik.com
qlik.com,Demandbase,Food & Drink,qlik.com
uniba.it,Google,News,uniba.it
uniba.it,Google,People & Society,uniba.it
vislies.org,Google,Arts & Entertainment,vislies.org
acm.org,Twitter,Online Communities,acm.org
acm.org,Google,Online Communities,acm.org
uniba.it,Google,Software,uniba.it
geckoboard.com,Google,People & Society,geckoboard.com
geckoboard.com,Facebook,People & Society,geckoboard.com
geckoboard.com,Google,People & Society,geckoboard.com
geckoboard.com,Facebook,People & Society,geckoboard.com
google.com,Google,Online Communities,google.com
aviz.fr,Google,Travel,aviz.fr
google.com,Google,Online Communities,google.com
aviz.fr,Google,Travel,aviz.fr
inria.fr,Lockerz,Business Services,inria.fr
uniba.it,Google,Travel,uniba.it
uniba.it,Google,Travel,uniba.it
google.com,Google,News,google.com
zamzar.com,Google,Shopping,zamzar.com
zamzar.com,Google,Computers & Electronics,zamzar.com
zamzar.com,Facebook,Computers & Electronics,zamzar.com
zamzar.com,Google,Games,zamzar.com
zamzar.com,Facebook,Games,zamzar.com
google.com,Google,Search Engines,google.com
google.com,Google,News,google.com
google.com,Google,News,google.com
google.com,Google,News,google.com
google.com,Google,Online Communities,google.com
google.com,Google,Online Communities,google.com
google.com,Google,Real Estate,google.com
google.com,Google,Real Estate,google.com
google.com,Google,Real Estate,google.com
google.com,Google,Arts & Entertainment,google.com
google.com,Google,Arts & Entertainment,google.com
google.com,Google,Arts & Entertainment,google.com
google.com,Google,Arts & Entertainment,google.com
google.com,Google,Arts & Entertainment,google.com
google.com,Google,Arts & Entertainment,google.com
google.com,Google,Arts & Entertainment,google.com
google.com,Google,Arts & Entertainment,google.com
google.com,Google,Arts & Entertainment,google.com
google.com,Google,Arts & Entertainment,google.com
google.com,Google,Arts & Entertainment,google.com
google.com,Google,Arts & Entertainment,google.com
google.com,Google,Arts & Entertainment,google.com
google.com,Google,Arts & Entertainment,google.com
google.com,Google,Arts & Entertainment,google.com
google.com,Google,Arts & Entertainment,google.com
google.com,Google,Arts & Entertainment,google.com
google.com,Google,Arts & Entertainment,google.com
google.com,Google,Arts & Entertainment,google.com
google.com,Google,Arts & Entertainment,google.com
google.com,Google,Arts & Entertainment,google.com
google.com,Google,Arts & Entertainment,google.com
google.com,Google,Arts & Entertainment,google.com
google.com,Google,Arts & Entertainment,google.com
google.com,Google,Arts & Entertainment,google.com
google.com,Google,Arts & Entertainment,google.com
google.com,Google,Arts & Entertainment,google.com
google.com,Google,Arts & Entertainment,google.com
google.com,Google,Arts & Entertainment,google.com
google.com,Google,Arts & Entertainment,google.com
google.com,Google,Arts & Entertainment,google.com
google.com,Google,Arts & Entertainment,google.com
google.com,Google,Arts & Entertainment,google.com
google.com,Google,Arts & Entertainment,google.com
google.com,Google,Arts & Entertainment,google.com
google.com,Google,Arts & Entertainment,google.com
google.com,Google,Arts & Entertainment,google.com
google.com,Google,Arts & Entertainment,google.com
google.com,Google,Arts & Entertainment,google.com
google.com,Google,Arts & Entertainment,google.com
google.com,Google,Arts & Entertainment,google.com
google.com,Google,Arts & Entertainment,google.com
google.com,Google,Arts & Entertainment,google.com
google.com,Google,Arts & Entertainment,google.com
google.com,Google,Arts & Entertainment,google.com
google.com,Google,Arts & Entertainment,google.com
google.com,Google,Arts & Entertainment,google.com
google.com,Google,Arts & Entertainment,google.com
google.com,Google,Arts & Entertainment,google.com
google.com,Google,Arts & Entertainment,google.com
google.com,Google,Arts & Entertainment,google.com
google.com,Google,Arts & Entertainment,google.com
google.com,Google,Arts & Entertainment,google.com
google.com,Google,Arts & Entertainment,google.com
uniba.it,Google,Travel,uniba.it
google.com,Google,Search Engines,google.com
google.com,Google,News,google.com
google.com,Google,Online Communities,google.com
supermercato24.it,Facebook,Online Communities,supermercato24.it
supermercato24.it,Mixpanel,Online Communities,supermercato24.it
supermercato24.it,Google,Online Communities,supermercato24.it
supermercato24.it,AdRoll,Online Communities,supermercato24.it
google.com,Google,Online Communities,google.com
google.com,Google,Online Communities,google.com
google.com,Google,Online Communities,google.com
cosicomodo.it,Twitter,Autos & Vehicles,cosicomodo.it
cosicomodo.it,Hotjar,Autos & Vehicles,cosicomodo.it
cosicomodo.it,Google,Autos & Vehicles,cosicomodo.it
cosicomodo.it,Facebook,Autos & Vehicles,cosicomodo.it
cosicomodo.it,Quantcast,Autos & Vehicles,cosicomodo.it
cosicomodo.it,Microsoft,Autos & Vehicles,cosicomodo.it
cosicomodo.it,Twitter,Autos & Vehicles,cosicomodo.it
cosicomodo.it,Hotjar,Autos & Vehicles,cosicomodo.it
cosicomodo.it,Google,Autos & Vehicles,cosicomodo.it
cosicomodo.it,Facebook,Autos & Vehicles,cosicomodo.it
cosicomodo.it,Quantcast,Autos & Vehicles,cosicomodo.it
cosicomodo.it,Microsoft,Autos & Vehicles,cosicomodo.it
cosicomodo.it,Google,Online Communities,cosicomodo.it
cosicomodo.it,Quantcast,Online Communities,cosicomodo.it
cosicomodo.it,Microsoft,Online Communities,cosicomodo.it
cosicomodo.it,Facebook,Online Communities,cosicomodo.it
cosicomodo.it,Hotjar,Online Communities,cosicomodo.it
cosicomodo.it,Twitter,Online Communities,cosicomodo.it
google.com,Google,Shopping,google.com
cosicomodo.it,Google,Hobbies & Leisure,cosicomodo.it
cosicomodo.it,Quantcast,Hobbies & Leisure,cosicomodo.it
cosicomodo.it,Microsoft,Hobbies & Leisure,cosicomodo.it
cosicomodo.it,Facebook,Hobbies & Leisure,cosicomodo.it
cosicomodo.it,Hotjar,Hobbies & Leisure,cosicomodo.it
cosicomodo.it,Twitter,Hobbies & Leisure,cosicomodo.it
cosicomodo.it,Twitter,Autos & Vehicles,cosicomodo.it
cosicomodo.it,Hotjar,Autos & Vehicles,cosicomodo.it
cosicomodo.it,Google,Autos & Vehicles,cosicomodo.it
cosicomodo.it,Facebook,Autos & Vehicles,cosicomodo.it
cosicomodo.it,Quantcast,Autos & Vehicles,cosicomodo.it
cosicomodo.it,Microsoft,Autos & Vehicles,cosicomodo.it
google.com,Google,Online Communities,google.com
fightingvenlo.eu,Google,Photo & Video Sharing,fightingvenlo.eu
cosicomodo.it,Google,Autos & Vehicles,cosicomodo.it
cosicomodo.it,Quantcast,Autos & Vehicles,cosicomodo.it
cosicomodo.it,Microsoft,Autos & Vehicles,cosicomodo.it
cosicomodo.it,Facebook,Autos & Vehicles,cosicomodo.it
cosicomodo.it,Hotjar,Autos & Vehicles,cosicomodo.it
cosicomodo.it,Twitter,Autos & Vehicles,cosicomodo.it
uniba.it,Google,Food & Drink,uniba.it
zamzar.com,Google,Shopping,zamzar.com
zamzar.com,Google,Computers & Electronics,zamzar.com
zamzar.com,Facebook,Computers & Electronics,zamzar.com
zamzar.com,Google,Games,zamzar.com
zamzar.com,Facebook,Games,zamzar.com
uniba.it,Google,Travel,uniba.it
zamzar.com,Google,Computers & Electronics,zamzar.com
zamzar.com,Facebook,Computers & Electronics,zamzar.com
zamzar.com,Google,Games,zamzar.com
zamzar.com,Facebook,Games,zamzar.com
zamzar.com,Google,Computers & Electronics,zamzar.com
zamzar.com,Facebook,Computers & Electronics,zamzar.com
zamzar.com,Google,Games,zamzar.com
zamzar.com,Facebook,Games,zamzar.com
google.com,Google,Shopping,google.com
raiplay.it,Facebook,Sports,raiplay.it
raiplay.it,Nielsen,Sports,raiplay.it
raiplay.it,comScore,Sports,raiplay.it
raiplay.it,Google,Sports,raiplay.it
raiplay.it,Soasta,Sports,raiplay.it
raiplay.it,Facebook,Science,raiplay.it
raiplay.it,Nielsen,Science,raiplay.it
raiplay.it,Soasta,Science,raiplay.it
raiplay.it,Google,Science,raiplay.it
raiplay.it,comScore,Science,raiplay.it
mediaset.it,Nielsen,Business Operations,mediaset.it
mediaset.it,Gigya,Business Operations,mediaset.it
mediaset.it,Facebook,Business Operations,mediaset.it
mediaset.it,Zemanta,Business Operations,mediaset.it
mediaset.it,comScore,Business Operations,mediaset.it
mediaset.it,ShinyStat,Business Operations,mediaset.it
mediaset.it,BlueKai,Business Operations,mediaset.it
mediaset.it,Nielsen,Business Operations,mediaset.it
mediaset.it,Gigya,Business Operations,mediaset.it
mediaset.it,Facebook,Business Operations,mediaset.it
mediaset.it,Zemanta,Business Operations,mediaset.it
mediaset.it,comScore,Business Operations,mediaset.it
mediaset.it,ShinyStat,Business Operations,mediaset.it
mediaset.it,BlueKai,Business Operations,mediaset.it
mediaset.it,Nielsen,Business Operations,mediaset.it
raiplay.it,Google,Science,raiplay.it
raiplay.it,Nielsen,Science,raiplay.it
raiplay.it,comScore,Science,raiplay.it
raiplay.it,Soasta,Science,raiplay.it
raiplay.it,Facebook,Science,raiplay.it
google.com,Google,News,google.com
repubblica.it,Facebook,Sports,repubblica.it
repubblica.it,Nielsen,Sports,repubblica.it
repubblica.it,Gigya,Sports,repubblica.it
repubblica.it,Soasta,Sports,repubblica.it
repubblica.it,Google,Sports,repubblica.it
google.com,Google,Internet & Telecom,google.com
giallozafferano.it,Krux,Online Communities,giallozafferano.it
giallozafferano.it,PubMatic,Online Communities,giallozafferano.it
giallozafferano.it,Datalogix,Online Communities,giallozafferano.it
giallozafferano.it,Acxiom,Online Communities,giallozafferano.it
giallozafferano.it,eXelate,Online Communities,giallozafferano.it
giallozafferano.it,Adform,Online Communities,giallozafferano.it
giallozafferano.it,Fox One Stop Media,Online Communities,giallozafferano.it
giallozafferano.it,The Trade Desk,Online Communities,giallozafferano.it
giallozafferano.it,AK,Online Communities,giallozafferano.it
giallozafferano.it,AppNexus,Online Communities,giallozafferano.it
giallozafferano.it,Adobe,Online Communities,giallozafferano.it
giallozafferano.it,Rapleaf,Online Communities,giallozafferano.it
giallozafferano.it,Nielsen,Online Communities,giallozafferano.it
giallozafferano.it,Crazy Egg,Online Communities,giallozafferano.it
giallozafferano.it,Facebook,Online Communities,giallozafferano.it
giallozafferano.it,Zemanta,Online Communities,giallozafferano.it
giallozafferano.it,Google,Online Communities,giallozafferano.it
giallozafferano.it,BlueKai,Online Communities,giallozafferano.it
giallozafferano.it,nugg.ad,Online Communities,giallozafferano.it
giallozafferano.it,comScore,Online Communities,giallozafferano.it
giallozafferano.it,OpenX,Online Communities,giallozafferano.it
giallozafferano.it,Datalogix,Blogging Resources & Services,giallozafferano.it
giallozafferano.it,Acxiom,Blogging Resources & Services,giallozafferano.it
giallozafferano.it,eXelate,Blogging Resources & Services,giallozafferano.it
giallozafferano.it,Adform,Blogging Resources & Services,giallozafferano.it
giallozafferano.it,Fox One Stop Media,Blogging Resources & Services,giallozafferano.it
giallozafferano.it,The Trade Desk,Blogging Resources & Services,giallozafferano.it
giallozafferano.it,AK,Blogging Resources & Services,giallozafferano.it
giallozafferano.it,Krux,Blogging Resources & Services,giallozafferano.it
giallozafferano.it,AppNexus,Blogging Resources & Services,giallozafferano.it
giallozafferano.it,Adobe,Blogging Resources & Services,giallozafferano.it
giallozafferano.it,Rapleaf,Blogging Resources & Services,giallozafferano.it
giallozafferano.it,Neustar,Blogging Resources & Services,giallozafferano.it
giallozafferano.it,Facebook,Blogging Resources & Services,giallozafferano.it
giallozafferano.it,Nielsen,Blogging Resources & Services,giallozafferano.it
giallozafferano.it,Crazy Egg,Blogging Resources & Services,giallozafferano.it
giallozafferano.it,Zemanta,Blogging Resources & Services,giallozafferano.it
giallozafferano.it,BlueKai,Blogging Resources & Services,giallozafferano.it
giallozafferano.it,Google,Blogging Resources & Services,giallozafferano.it
giallozafferano.it,comScore,Blogging Resources & Services,giallozafferano.it
giallozafferano.it,PubMatic,Blogging Resources & Services,giallozafferano.it
giallozafferano.it,OpenX,Blogging Resources & Services,giallozafferano.it
groupon.it,Google,Dating & Personals,groupon.it
groupon.it,Facebook,Dating & Personals,groupon.it
groupon.it,BlueKai,Dating & Personals,groupon.it
groupon.it,AppNexus,Dating & Personals,groupon.it
groupon.it,Criteo,Dating & Personals,groupon.it
google.com,Google,Shopping,google.com
ebay.it,eBay,Sports,ebay.it
ebay.it,Google,Sports,ebay.it
google.com,Google,Online Communities,google.com
stackoverflow.com,Quantcast,Online Communities,stackoverflow.com
stackoverflow.com,Google,Online Communities,stackoverflow.com
stackoverflow.com,comScore,Online Communities,stackoverflow.com
google.com,Google,Computer & Video Games,google.com
google.com,Google,Computer & Video Games,google.com
google.com,Google,Online Communities,google.com
google.com,Google,Shopping,google.com
busradar.it,Google,Internet & Telecom,busradar.it
google.com,Google,Shopping,google.com
google.com,Google,Pets & Animals,google.com
google.com,Criteo,Pets & Animals,google.com
google.com,AppNexus,Pets & Animals,google.com
google.com,AddThis,Pets & Animals,google.com
google.com,Rapleaf,Pets & Animals,google.com
google.com,CONTEXTWEB,Pets & Animals,google.com
google.com,Yieldmo,Pets & Animals,google.com
google.com,LiveIntent,Pets & Animals,google.com
google.com,Teads.tv,Pets & Animals,google.com
google.com,Improve Digital,Pets & Animals,google.com
google.com,Taboola,Pets & Animals,google.com
google.com,OpenX,Pets & Animals,google.com
google.com,AOL,Pets & Animals,google.com
google.com,Casale Media,Pets & Animals,google.com
google.com,Adform,Pets & Animals,google.com
google.com,Horyzon Media,Pets & Animals,google.com
google.com,PubMatic,Pets & Animals,google.com
google.com,Outbrain,Pets & Animals,google.com
google.com,Fox One Stop Media,Pets & Animals,google.com
google.com,Microsoft,Pets & Animals,google.com
google.com,Pinterest,Pets & Animals,google.com
google.com,Facebook,Pets & Animals,google.com
google.com,Google,Music & Audio,google.com
google.com,Google,Arts & Entertainment,google.com
google.com,Google,Fun & Trivia,google.com
mymovies.it,Hotjar,Arts & Entertainment,mymovies.it
mymovies.it,Google,Arts & Entertainment,mymovies.it
mymovies.it,Chartbeat,Arts & Entertainment,mymovies.it
mymovies.it,Facebook,Arts & Entertainment,mymovies.it
mymovies.it,Nielsen,Arts & Entertainment,mymovies.it
mymovies.it,Amazon.com,Arts & Entertainment,mymovies.it
google.com,Google,Fun & Trivia,google.com
lacittadelcinema.it,Google,Search Engines,lacittadelcinema.it
lacittadelcinema.it,AddThis,Search Engines,lacittadelcinema.it
multicinemagalleria.it,Facebook,Arts & Entertainment,multicinemagalleria.it
multicinemagalleria.it,Google,Arts & Entertainment,multicinemagalleria.it
multicinemagalleria.it,Facebook,Online Communities,multicinemagalleria.it
multicinemagalleria.it,Google,Online Communities,multicinemagalleria.it
google.com,Google,News,google.com
my-personaltrainer.it,Nielsen,Sports,my-personaltrainer.it
my-personaltrainer.it,Krux,Sports,my-personaltrainer.it
my-personaltrainer.it,Adform,Sports,my-personaltrainer.it
my-personaltrainer.it,Neustar,Sports,my-personaltrainer.it
my-personaltrainer.it,Facebook,Sports,my-personaltrainer.it
my-personaltrainer.it,Google,Sports,my-personaltrainer.it
my-personaltrainer.it,Zemanta,Sports,my-personaltrainer.it
my-personaltrainer.it,Twitter,Sports,my-personaltrainer.it
my-personaltrainer.it,BlueKai,Sports,my-personaltrainer.it
my-personaltrainer.it,Crazy Egg,Sports,my-personaltrainer.it
my-personaltrainer.it,nugg.ad,Sports,my-personaltrainer.it
my-personaltrainer.it,comScore,Sports,my-personaltrainer.it
my-personaltrainer.it,PubMatic,Sports,my-personaltrainer.it
google.com,Google,Online Communities,google.com
buonissimo.org,Nielsen,Cooking & Recipes,buonissimo.org
buonissimo.org,Google,Cooking & Recipes,buonissimo.org
buonissimo.org,Lotame,Cooking & Recipes,buonissimo.org
buonissimo.org,Amazon.com,Cooking & Recipes,buonissimo.org
buonissimo.org,MediaMath,Cooking & Recipes,buonissimo.org
buonissimo.org,AK,Cooking & Recipes,buonissimo.org
buonissimo.org,The Trade Desk,Cooking & Recipes,buonissimo.org
buonissimo.org,Facebook,Cooking & Recipes,buonissimo.org
google.com,Google,Online Communities,google.com
primo-prezzo.it,Zopim,Food & Drink,primo-prezzo.it
primo-prezzo.it,Google,Food & Drink,primo-prezzo.it
primo-prezzo.it,Facebook,Food & Drink,primo-prezzo.it
doveconviene.it,Google,Sports,doveconviene.it
doveconviene.it,Facebook,Sports,doveconviene.it